{"cameraMode":{"drawMode":0,"name":"Shaded","section":"Shading Mode"},"sceneLighting":true,"audioPlay":false,"sceneViewState":{"showFog":true,"showMaterialUpdate":false,"showSkybox":true,"showFlares":true,"showImageEffects":true,"showParticleSystems":true},"in2DMode":false,"pivot":{"x":11.294045448303223,"y":-14.236001014709473,"z":34.24943923950195},"rotation":{"x":0.21272476017475129,"y":0.1716023087501526,"z":-0.03803235664963722,"w":0.9612025022506714},"size":47.7838134765625,"orthographic":false}