{"cameraMode":{"drawMode":0,"name":"Shaded","section":"Shading Mode"},"sceneLighting":true,"audioPlay":false,"sceneViewState":{"showFog":true,"showMaterialUpdate":false,"showSkybox":true,"showFlares":true,"showImageEffects":true,"showParticleSystems":true},"in2DMode":false,"pivot":{"x":442.7558898925781,"y":308.3939208984375,"z":127.9968490600586},"rotation":{"x":-0.11605095118284226,"y":-0.20203925669193269,"z":0.02412034384906292,"w":-0.9721884727478027},"size":1754.9927978515625,"orthographic":false}