{"cameraMode":{"drawMode":0,"name":"Shaded","section":"Shading Mode"},"sceneLighting":true,"audioPlay":false,"sceneViewState":{"showFog":true,"showMaterialUpdate":false,"showSkybox":true,"showFlares":true,"showImageEffects":true,"showParticleSystems":true},"in2DMode":false,"pivot":{"x":-30.278230667114259,"y":-8.983640670776368,"z":-27.505125045776368},"rotation":{"x":0.05375567823648453,"y":-0.9219081997871399,"z":0.13817988336086274,"w":0.3580619990825653},"size":45.726139068603519,"orthographic":false}