{"cameraMode":{"drawMode":0,"name":"Shaded","section":"Shading Mode"},"sceneLighting":true,"audioPlay":false,"sceneViewState":{"showFog":true,"showMaterialUpdate":false,"showSkybox":true,"showFlares":true,"showImageEffects":true,"showParticleSystems":true},"in2DMode":false,"pivot":{"x":463.84539794921877,"y":216.2690887451172,"z":35.48592758178711},"rotation":{"x":-0.09175396710634232,"y":-0.29786217212677,"z":0.028778403997421266,"w":-0.949762761592865},"size":1051.8857421875,"orthographic":false}