{"cameraMode":{"drawMode":0,"name":"Shaded","section":"Shading Mode"},"sceneLighting":true,"audioPlay":false,"sceneViewState":{"showFog":true,"showMaterialUpdate":false,"showSkybox":true,"showFlares":true,"showImageEffects":true,"showParticleSystems":true},"in2DMode":false,"pivot":{"x":-10.441054344177246,"y":-2.0878546237945558,"z":8.22165584564209},"rotation":{"x":-0.10915092378854752,"y":0.4574807286262512,"z":-0.056697070598602298,"w":-0.8806782960891724},"size":22.0,"orthographic":false}