{"cameraMode":{"drawMode":0,"name":"Shaded","section":"Shading Mode"},"sceneLighting":true,"audioPlay":false,"sceneViewState":{"showFog":true,"showMaterialUpdate":false,"showSkybox":true,"showFlares":true,"showImageEffects":true,"showParticleSystems":true},"in2DMode":false,"pivot":{"x":313.18402099609377,"y":68.28370666503906,"z":85.97886657714844},"rotation":{"x":-0.16320393979549409,"y":-0.22226394712924958,"z":0.037769243121147159,"w":-0.9604979157447815},"size":1051.8857421875,"orthographic":false}