{"cameraMode":{"drawMode":0,"name":"Shaded","section":"Shading Mode"},"sceneLighting":true,"audioPlay":false,"sceneViewState":{"showFog":true,"showMaterialUpdate":false,"showSkybox":true,"showFlares":true,"showImageEffects":true,"showParticleSystems":true},"in2DMode":false,"pivot":{"x":2.301684856414795,"y":-5.594625949859619,"z":49.743736267089847},"rotation":{"x":0.08253393322229386,"y":0.06540220975875855,"z":-0.005508535075932741,"w":0.9944573044776917},"size":53.870086669921878,"orthographic":false}